written_utc,n_stores,model_date
2026-09-24 16:21,1,2023-01-01 01:00
2026-09-24 18:27,61,2023-01-03 13:00
2026-09-24 19:30,121,2023-01-06 01:00
2026-09-24 21:16,181,2023-01-08 13:00
2026-09-24 22:30,241,2023-01-11 01:00
2026-09-24 23:38,301,2023-01-13 13:00
2026-09-25 00:52,361,2023-01-16 01:00
2026-09-25 02:05,421,2023-01-18 13:00
2026-09-25 03:12,481,2023-01-21 01:00
2026-09-25 04:25,541,2023-01-23 13:00
2026-09-25 05:48,601,2023-01-26 01:00
2026-09-25 06:57,661,2023-01-28 13:00
2026-09-25 07:54,721,2023-01-31 01:00
2026-09-25 09:05,781,2023-02-02 13:00
2026-09-25 10:41,841,2023-02-05 01:00
2026-09-25 11:50,901,2023-02-07 13:00
2026-09-25 12:54,961,2023-02-10 01:00
2026-09-25 14:15,1021,2023-02-12 13:00
2026-09-25 15:22,1081,2023-02-15 01:00
2026-09-25 16:38,1141,2023-02-17 13:00
2026-09-25 17:48,1201,2023-02-20 01:00
2026-09-25 18:45,1261,2023-02-22 13:00
2026-09-25 19:53,1321,2023-02-25 01:00
2026-09-25 20:59,1381,2023-02-27 13:00
2026-09-25 22:23,1441,2023-03-02 01:00
2026-09-25 23:52,1501,2023-03-04 13:00
2026-09-26 01:24,1561,2023-03-07 01:00
2026-09-26 03:07,1621,2023-03-09 13:00
2026-09-26 04:43,1681,2023-03-12 01:00
2026-09-26 06:08,1741,2023-03-14 13:00
2026-09-26 07:48,1801,2023-03-17 01:00
2026-09-26 09:11,1861,2023-03-19 13:00
2026-09-26 10:50,1921,2023-03-22 01:00
2026-09-26 12:19,1981,2023-03-24 13:00
2026-09-26 13:31,2041,2023-03-27 01:00
2026-09-26 14:53,2101,2023-03-29 13:00
2026-09-26 16:07,2161,2023-04-01 01:00
2026-09-26 17:18,2221,2023-04-03 13:00
2026-09-26 18:25,2281,2023-04-06 01:00
2026-09-26 19:25,2341,2023-04-08 13:00
2026-09-26 20:26,2401,2023-04-11 01:00
2026-09-26 21:28,2461,2023-04-13 13:00
2026-09-26 22:32,2521,2023-04-16 01:00
2026-09-26 23:41,2581,2023-04-18 13:00
2026-09-27 01:02,2641,2023-04-21 01:00
2026-09-27 02:06,2701,2023-04-23 13:00
2026-09-27 03:13,2761,2023-04-26 01:00
2026-09-27 04:21,2821,2023-04-28 13:00
2026-09-27 05:45,2881,2023-05-01 01:00
2026-09-27 07:05,2941,2023-05-03 13:00
2026-09-27 08:31,3001,2023-05-06 01:00
2026-09-27 09:46,3061,2023-05-08 13:00
2026-09-27 10:58,3121,2023-05-11 01:00
2026-09-27 12:17,3181,2023-05-13 13:00
2026-09-27 13:28,3241,2023-05-16 01:00
2026-09-27 14:43,3301,2023-05-18 13:00
2026-09-27 15:49,3361,2023-05-21 01:00
2026-09-27 17:16,3421,2023-05-23 13:00
2026-09-27 18:40,3481,2023-05-26 01:00
2026-09-27 20:16,3541,2023-05-28 13:00
2026-09-27 21:37,3601,2023-05-31 01:00
2026-09-27 22:44,3661,2023-06-02 13:00
2026-09-27 23:50,3721,2023-06-05 01:00
2026-09-28 01:15,3781,2023-06-07 13:00
2026-09-28 02:34,3841,2023-06-10 01:00
2026-09-28 04:00,3901,2023-06-12 13:00
2026-09-28 05:26,3961,2023-06-15 01:00
2026-09-28 06:38,4021,2023-06-17 13:00
2026-09-28 07:49,4081,2023-06-20 01:00
2026-09-28 09:19,4141,2023-06-22 13:00
2026-09-28 10:45,4201,2023-06-25 01:00
2026-09-28 12:06,4261,2023-06-27 13:00
2026-09-28 13:35,4321,2023-06-30 01:00
2026-09-28 14:59,4381,2023-07-02 13:00
2026-09-28 16:39,4441,2023-07-05 01:00
2026-09-28 17:56,4501,2023-07-07 13:00
2026-09-28 19:23,4561,2023-07-10 01:00
2026-09-28 20:40,4621,2023-07-12 13:00
2026-09-28 22:07,4681,2023-07-15 01:00
2026-09-28 23:19,4741,2023-07-17 13:00
2026-09-29 00:31,4801,2023-07-20 01:00
2026-09-29 02:00,4861,2023-07-22 13:00
2026-09-29 03:11,4921,2023-07-25 01:00
2026-09-29 04:20,4981,2023-07-27 13:00
2026-09-29 05:23,5041,2023-07-30 01:00
2026-09-29 06:11,5101,2023-08-01 13:00
2026-09-29 07:27,5161,2023-08-04 01:00
2026-09-29 08:37,5221,2023-08-06 13:00
2026-09-29 09:53,5281,2023-08-09 01:00
2026-09-29 10:59,5341,2023-08-11 13:00
2026-09-29 12:06,5401,2023-08-14 01:00
2026-09-29 13:17,5461,2023-08-16 13:00
2026-09-30 23:04,5493,2023-08-17 21:00
